numero_documento_titular,tipo_conta,compe,ispb,agencia,numero_conta,nome_titular
11111111111,CC,001,00000001,1234,123456-7,Jo√£o da Silva
22222222222,CC,001,00000001,1234,987654-3,Maria Santos
33333333333,CC,001,00000001,1234,111222-1,Pedro Oliveira
44444444444,CC,001,00000001,1234,555444-9,Ana Costa
55555555555,CC,001,00000001,1234,999888-5,Carlos Souza
66666666666,CC,001,00000001,1234,123123-4,Julia Ferreira
77777777777,CC,001,00000001,1234,456456-8,Ricardo Lima
88888888888,CC,001,00000001,1234,789789-2,Fernanda Alves
99999999999,CC,001,00000001,1234,321321-6,Lucas Martins
00000000000,CC,001,00000001,1234,654654-0,Patricia Rocha

